indicator,label,value,unit,evidence,available,margin_to_limit,threshold_basis,is_health_state,unavailable_reason
ron_p99_to_printed_max,"On-resistance at the 99th percentile of conduction samples, against the printed maximum",0.002670866368939957,ohm,CALCULATED,True,-0.2140301676999805,printed RDS(on) max = 0.0022 ohm,False,
ron_ratio_to_printed_typ,"On-resistance at the printed test condition, relative to typical",0.9987650472941201,ratio,CALCULATED,True,0.0012349527058799215,printed RDS(on) typical = 0.0016 ohm,False,
vds_rating_utilisation_max,Worst drain-source voltage against its absolute maximum,1.0,ratio,CALCULATED,True,0.0,printed vds abs max = 150.0,False,
id_continuous_rating_utilisation_max,Worst drain current against the continuous rating,17.967597239613966,ratio,CALCULATED,True,-16.967597239613966,printed continuous ID = 115.0 A at 25 degC,False,
id_pulse_rating_utilisation_max,Worst drain current against the pulse rating,2.4598496220900072,ratio,CALCULATED,True,-1.4598496220900072,printed pulsed ID = 840.0 A at 25 degC,False,
vgs_gate_window_utilisation_max,Worst gate voltage against its sign-selected window,1.0,ratio,CALCULATED,True,0.0,printed vgs abs max = 6.0,False,
junction_temperature_utilisation_max,Worst junction temperature against the printed maximum,0.8333333333333334,ratio,CALCULATED,True,0.16666666666666663,printed tj max = 150.0,False,
power_rating_utilisation,Dissipated power against the printed package rating,,ratio,UNAVAILABLE,False,,,False,"PTOT is not specified in the source dataset, so there is no power rating to compare against. The switching profile reaches 20.8 kW instantaneously, but no limit exists to call that an exceedance."
leakage_temperature_coefficient_per_C,Leakage temperature coefficient at matched bias,0.14,1/degC,DATASET_DERIVED,True,,,False,
conduction_loss_share_median,Median share of dissipated power that is channel conduction,1.0,fraction,CALCULATED,True,,,False,
outside_rated_envelope_fraction,Fraction of samples driven outside the printed ratings,0.4608903420523139,fraction,CALCULATED,True,0.5391096579476862,printed absolute-maximum and continuous ratings,False,
switching_loss_per_cycle,Switching energy per cycle,,J,UNAVAILABLE,False,,,False,"Stage 1's loss budget is exactly Ploss = Pcond + Psw (residual 0.0 W over all 15904 rows). Psw is the Miller channel only, contributing 0.07 % of the path integral. There is no output-capacitance charge/discharge channel and no gate-drive dissipation channel, so Coss is never charged during a transition. The consequence is measurable: the simulated load line is exactly reversible, with turn-off the bit-level reverse of turn-on. A hard-switched device cannot behave this way, because turn-on charges Coss and clamps the inductor current into the low-side device while turn-off does not. The energies below are therefore reported as reversible channel-conduction path integrals and are explicitly NOT switching losses."
